,Feature,Importance
2,Time_Saved_Hours_Weekly,0.21014253760229035
1,Task_Frequency_Daily,0.17220295516929837
0,Age,0.16233902154106594
3,Major_encoded,0.135773925073646
5,Main_Usage_Case_encoded,0.12577575435781824
4,Primary_AI_Tool_encoded,0.12235803394891943
6,AI_Ethics_Concern_encoded,0.07140777230696173
